Image,"label (0 for muffin, 1 for chicken, 2 for dog)"
1,2
2,1
3,1
4,0
5,2
6,2
7,0
8,1
9,1
10,0
11,2
12,0
13,0
14,1
15,1
16,1
17,1
18,2
19,2
20,2
21,1
22,1
23,2
24,2
25,0
26,2
27,1
28,0
29,0
30,0
31,2
32,0
33,0
34,0
35,2
36,1
37,0
38,0
39,0
40,1
41,1
42,1
43,0
44,0
45,2
46,1
47,0
48,1
49,2
50,2
51,1
52,2
53,1
54,1
55,2
56,0
57,0
58,2
59,1
60,2
61,0
62,1
63,1
64,2
65,2
66,1
67,0
68,0
69,1
70,1
71,2
72,2
73,0
74,2
75,2
76,1
77,1
78,1
79,1
80,2
81,0
82,2
83,1
84,2
85,0
86,0
87,0
88,0
89,1
90,0
91,2
92,1
93,1
94,1
95,2
96,0
97,2
98,0
99,2
100,0
101,2
102,2
103,0
104,0
105,1
106,0
107,1
108,1
109,0
110,0
111,0
112,0
113,2
114,0
115,2
116,1
117,1
118,0
119,1
120,0
121,2
122,1
123,1
124,1
125,0
126,0
127,1
128,0
129,2
130,1
131,1
132,0
133,0
134,0
135,2
136,0
137,2
138,1
139,0
140,1
141,2
142,2
143,0
144,0
145,0
146,0
147,0
148,2
149,2
150,1
151,2
152,1
153,0
154,1
155,1
156,2
157,2
158,0
159,2
160,0
161,0
162,1
163,2
164,0
165,1
166,1
167,1
168,2
169,1
170,1
171,1
172,1
173,2
174,1
175,2
176,0
177,1
178,0
179,1
180,2
181,1
182,0
183,1
184,0
185,0
186,2
187,0
188,2
189,0
190,1
191,1
192,2
193,2
194,1
195,0
196,0
197,0
198,2
199,0
200,0
201,1
202,1
203,2
204,2
205,1
206,1
207,2
208,0
209,0
210,0
211,0
212,0
213,1
214,0
215,1
216,1
217,2
218,0
219,0
220,2
221,0
222,0
223,1
224,2
225,1
226,2
227,0
228,1
229,0
230,1
231,1
232,2
233,2
234,0
235,1
236,0
237,2
238,0
239,0
240,0
241,1
242,2
243,1
244,1
245,1
246,2
247,0
248,0
249,0
250,2
251,2
252,2
253,2
254,0
255,0
256,0
257,2
258,0
259,0
260,2
261,0
262,2
263,1
264,2
265,2
266,1
267,0
268,2
269,0
270,0
271,1
272,2
273,1
274,1
275,2
276,1
277,0
278,2
279,1
280,1
281,0
282,2
283,1
284,0
285,0
286,0
287,1
288,2
289,0
290,1
291,1
292,1
293,0
294,2
295,0
296,1
297,1
298,1
299,2
300,2
301,0
302,0
303,1
304,0
305,1
306,1
307,0
308,0
309,2
310,2
311,0
312,2
313,1
314,2
315,0
316,0
317,1
318,0
319,2
320,0
321,0
322,0
323,0
324,0
325,1
326,0
327,1
328,1
329,2
330,2
331,2
332,2
333,1
334,0
335,2
336,0
337,1
338,0
339,0
340,0
341,0
342,1
343,2
344,2
345,0
346,0
347,1
348,2
349,2
350,0
351,0
352,0
353,1
354,1
355,0
356,0
357,2
358,1
359,1
360,0
361,2
362,1
363,0
364,2
365,2
366,0
367,1
368,0
369,2
370,0
371,2
372,2
373,1
374,2
375,1
376,0
377,1
378,0
379,2
380,2
381,1
382,0
383,1
384,1
385,1
386,0
387,1
388,0
389,1
390,1
391,0
392,0
393,2
394,2
395,1
396,0
397,1
398,2
399,0
400,2
401,1
402,2
403,1
404,2
405,1
406,1
407,1
408,1
409,0
410,0
411,1
412,0
413,2
414,2
415,0
416,0
417,1
418,0
419,1
420,1
421,2
422,2
423,0
424,0
425,1
426,2
427,1
428,2
429,1
430,2
431,1
432,1
433,1
434,0
435,0
436,0
437,2
438,0
439,2
440,0
441,0
442,0
443,0
444,2
445,2
446,1
447,2
448,1
449,1
450,2
451,0
452,1
453,0
454,0
455,2
456,1
457,2
458,1
459,2
460,0
461,2
462,0
463,0
464,2
465,1
466,1
467,1
468,1
469,2
470,0
471,1
472,2
473,2
474,2
475,0
476,1
477,2
478,1
479,1
480,2
481,2
482,0
483,2
484,2
485,0
486,0
487,2
488,0
489,2
490,2
491,1
492,2
493,1
494,0
495,2
496,0
497,0
498,2
499,0
500,1
501,2
502,2
503,1
504,1
505,2
506,1
507,2
508,2
509,0
510,1
511,0
512,1
513,0
514,2
515,1
516,1
517,1
518,1
519,2
520,1
521,2
522,1
523,1
524,2
525,0
526,0
527,0
528,0
529,0
530,1
531,0
532,2
533,1
534,2
535,1
536,2
537,2
538,1
539,2
540,2
541,1
542,1
543,0
544,2
545,2
546,0
547,1
548,2
549,1
550,1
551,1
552,0
553,0
554,1
555,1
556,0
557,0
558,1
559,1
560,1
561,2
562,2
563,2
564,1
565,2
566,2
567,1
568,2
569,1
570,0
571,1
572,2
573,1
574,0
575,1
576,0
577,0
578,0
579,0
580,2
581,0
582,0
583,1
584,0
585,0
586,0
587,1
588,0
589,0
590,0
591,1
592,0
593,1
594,2
595,2
596,2
597,2
598,1
599,1
600,1
601,2
602,0
603,1
604,1
605,0
606,2
607,0
608,2
609,2
610,1
611,1
612,0
613,2
614,0
615,1
616,1
617,0
618,1
619,0
620,0
621,1
622,1
623,2
624,2
625,0
626,0
627,2
628,0
629,2
630,2
631,0
632,1
633,1
634,2
635,0
636,1
637,0
638,1
639,0
640,2
641,2
642,0
643,0
644,0
645,1
646,0
647,2
648,0
649,1
650,0
651,2
652,0
653,0
654,2
655,0
656,0
657,2
658,2
659,2
660,2
661,0
662,0
663,1
664,1
665,0
666,1
667,1
668,0
669,0
670,1
671,0
672,2
673,2
674,0
675,1
676,0
677,0
678,0
679,2
680,0
681,0
682,2
683,1
684,1
685,1
686,2
687,1
688,0
689,2
690,0
691,0
692,1
693,0
694,2
695,1
696,2
697,0
698,2
699,1
700,2
701,0
702,2
703,1
704,1
705,1
706,0
707,0
708,2
709,2
710,1
711,0
712,0
713,1
714,2
715,1
716,0
717,1
718,2
719,2
720,1
721,2
722,2
723,0
724,0
725,0
726,2
727,1
728,1
729,1
730,1
731,0
732,2
733,1
734,1
735,1
736,1
737,2
738,0
739,1
740,1
741,0
742,2
743,0
744,2
745,1
746,2
747,2
748,2
749,2
750,2
751,1
752,0
753,1
754,1
755,1
756,2
757,0
758,2
759,0
760,2
761,0
762,0
763,2
764,0
765,1
766,0
767,1
768,2
769,2
770,1
771,1
772,1
773,2
774,2
775,1
776,1
777,0
778,2
779,2
780,0
781,0
782,2
783,2
784,2
785,1
786,0
787,0
788,1
789,2
790,2
791,0
792,2
793,2
794,0
795,0
796,0
797,2
798,1
799,1
800,0
801,1
802,0
803,1
804,2
805,0
806,0
807,1
808,2
809,2
810,1
811,2
812,1
813,1
814,2
815,1
816,1
817,1
818,0
819,1
820,1
821,1
822,0
823,1
824,0
825,2
826,1
827,2
828,0
829,0
830,1
831,1
832,2
833,0
834,1
835,0
836,1
837,1
838,2
839,2
840,1
841,1
842,0
843,0
844,2
845,2
846,0
847,1
848,2
849,1
850,1
851,1
852,0
853,0
854,2
855,2
856,2
857,0
858,0
859,0
860,0
861,2
862,0
863,2
864,2
865,1
866,1
867,2
868,0
869,2
870,1
871,0
872,1
873,0
874,2
875,0
876,2
877,2
878,1
879,2
880,2
881,1
882,0
883,1
884,1
885,0
886,0
887,0
888,0
889,0
890,1
891,0
892,0
893,2
894,2
895,1
896,1
897,0
898,0
899,1
900,2
901,1
902,1
903,0
904,1
905,1
906,2
907,1
908,1
909,2
910,0
911,1
912,0
913,0
914,1
915,2
916,2
917,2
918,1
919,1
920,1
921,2
922,0
923,0
924,1
925,1
926,0
927,2
928,1
929,0
930,0
931,0
932,0
933,2
934,1
935,1
936,0
937,2
938,0
939,2
940,2
941,0
942,1
943,0
944,0
945,2
946,1
947,2
948,2
949,0
950,1
951,2
952,0
953,1
954,1
955,1
956,0
957,0
958,2
959,2
960,2
961,1
962,1
963,1
964,2
965,2
966,2
967,0
968,0
969,2
970,1
971,2
972,0
973,0
974,1
975,2
976,2
977,1
978,1
979,2
980,2
981,1
982,2
983,1
984,0
985,1
986,1
987,1
988,2
989,2
990,1
991,0
992,1
993,2
994,0
995,0
996,1
997,2
998,0
999,2
1000,0
1001,1
1002,2
1003,2
1004,0
1005,1
1006,2
1007,0
1008,1
1009,2
1010,0
1011,1
1012,1
1013,2
1014,2
1015,2
1016,0
1017,1
1018,2
1019,0
1020,0
1021,0
1022,2
1023,1
1024,1
1025,2
1026,2
1027,1
1028,2
1029,1
1030,2
1031,1
1032,0
1033,2
1034,1
1035,2
1036,2
1037,1
1038,1
1039,2
1040,1
1041,0
1042,2
1043,1
1044,1
1045,2
1046,0
1047,2
1048,2
1049,1
1050,1
1051,0
1052,2
1053,2
1054,0
1055,0
1056,2
1057,0
1058,0
1059,1
1060,2
1061,2
1062,0
1063,1
1064,1
1065,0
1066,2
1067,1
1068,2
1069,2
1070,0
1071,1
1072,2
1073,2
1074,0
1075,2
1076,1
1077,2
1078,1
1079,2
1080,1
1081,0
1082,2
1083,2
1084,2
1085,1
1086,0
1087,1
1088,1
1089,1
1090,0
1091,2
1092,2
1093,1
1094,2
1095,1
1096,0
1097,1
1098,1
1099,1
1100,1
1101,2
1102,1
1103,0
1104,1
1105,1
1106,1
1107,2
1108,1
1109,0
1110,0
1111,1
1112,2
1113,1
1114,1
1115,2
1116,2
1117,2
1118,2
1119,1
1120,2
1121,0
1122,0
1123,0
1124,2
1125,2
1126,0
1127,1
1128,2
1129,2
1130,0
1131,2
1132,1
1133,2
1134,2
1135,1
1136,0
1137,1
1138,2
1139,0
1140,2
1141,0
1142,1
1143,1
1144,0
1145,0
1146,1
1147,2
1148,2
1149,2
1150,0
1151,2
1152,1
1153,0
1154,2
1155,0
1156,2
1157,0
1158,2
1159,0
1160,2
1161,1
1162,0
1163,2
1164,2
1165,0
1166,1
1167,2
1168,0
1169,2
1170,2
1171,0
1172,1
1173,1
1174,0
1175,2
1176,0
1177,1
1178,0
1179,0
1180,0
1181,2
1182,2
1183,2
1184,0
1185,2
1186,2
1187,2
1188,1
1189,1
1190,2
1191,0
1192,1
1193,1
1194,2
1195,1
1196,0
1197,2
1198,2
1199,2
1200,0
1201,1
1202,2
1203,2
1204,2
1205,2
1206,1
1207,0
1208,0
1209,2
1210,1
1211,1
1212,2
1213,1
1214,0
1215,1
1216,1
1217,1
1218,1
1219,0
1220,1
1221,0
1222,0
1223,2
1224,1
1225,1
1226,1
1227,0
1228,0
1229,2
1230,1
1231,2
1232,2
1233,0
1234,2
1235,0
1236,2
1237,2
1238,0
1239,1
1240,2
1241,2
1242,2
1243,2
1244,1
1245,1
1246,2
1247,2
1248,1
1249,2
1250,1
1251,0
1252,0
1253,2
1254,2
1255,0
1256,0
1257,1
1258,1
1259,2
1260,1
1261,2
1262,2
1263,2
1264,0
1265,2
1266,2
1267,0
1268,0
1269,0
1270,2
1271,1
1272,2
1273,1
1274,2
1275,0
1276,2
1277,1
1278,2
1279,1
1280,0
1281,0
1282,1
1283,2
1284,0
1285,1
1286,1
1287,1
1288,2
1289,2
1290,2
1291,1
1292,1
1293,2
1294,2
1295,0
1296,1
1297,2
1298,2
1299,1
1300,1
1301,0
1302,2
1303,2
1304,2
1305,1
1306,0
1307,0
1308,0
1309,2
1310,0
1311,0
1312,1
1313,2
1314,0
1315,2
1316,1
1317,1
1318,0
1319,2
1320,0
1321,0
1322,2
1323,1
1324,2
1325,2
1326,2
1327,2
1328,1
1329,0
1330,1
1331,1
1332,1
1333,1
1334,0
1335,2
1336,2
1337,1
1338,1
1339,0
1340,2
1341,1
1342,0
1343,2
1344,1
1345,2
1346,0
1347,1
1348,2
1349,2
1350,1
1351,1
1352,2
1353,0
1354,0
1355,1
1356,0
1357,0
1358,0
1359,0
1360,0
1361,2
1362,0
1363,2
1364,1
1365,2
1366,0
1367,2
1368,1
1369,2
1370,0
1371,2
1372,0
1373,1
1374,0
1375,0
1376,1
1377,0
1378,2
1379,2
1380,2
1381,2
1382,0
1383,1
1384,2
1385,0
1386,2
1387,2
1388,1
1389,1
1390,2
1391,1
1392,2
1393,2
1394,1
1395,2
1396,2
1397,2
1398,0
1399,2
1400,0
1401,2
1402,0
1403,2
1404,0
1405,1
1406,0
1407,1
1408,2
1409,1
1410,0
1411,1
1412,2
1413,1
1414,2
1415,2
1416,0
1417,1
1418,0
1419,0
1420,1
1421,0
1422,2
1423,1
1424,2
1425,1
1426,0
1427,0
1428,1
1429,2
1430,2
1431,1
1432,2
1433,2
1434,0
1435,1
1436,0
1437,2
1438,0
1439,1
1440,2
1441,2
1442,1
1443,1
1444,1
1445,2
1446,2
1447,0
1448,1
1449,1
1450,1
1451,1
1452,2
1453,0
1454,0
1455,1
1456,0
1457,1
1458,0
1459,2
1460,0
1461,2
1462,2
1463,1
1464,1
1465,0
1466,0
1467,1
1468,0
1469,1
1470,2
1471,1
1472,1
1473,1
1474,1
1475,2
1476,1
1477,1
1478,1
1479,2
1480,2
1481,2
1482,0
1483,1
1484,2
1485,0
1486,1
1487,0
1488,1
1489,1
1490,2
1491,2
1492,1
1493,0
1494,1
1495,1
1496,2
1497,0
1498,2
1499,0
1500,2
1501,2
1502,1
1503,0
1504,1
1505,2
1506,1
1507,0
1508,0
1509,0
1510,1
1511,2
1512,2
1513,1
1514,2
1515,1
1516,0
1517,1
1518,0
1519,0
1520,0
1521,1
1522,2
1523,0
1524,1
1525,0
1526,2
1527,2
1528,2
1529,1
1530,1
1531,0
1532,0
1533,1
1534,0
1535,2
1536,1
1537,2
1538,2
1539,1
1540,2
1541,2
1542,2
1543,1
1544,0
1545,1
1546,0
1547,1
1548,2
1549,0
1550,2
1551,0
1552,1
1553,2
1554,1
1555,2
1556,0
1557,1
1558,1
1559,2
1560,1
1561,0
1562,1
1563,0
1564,0
1565,1
1566,1
1567,1
1568,2
1569,1
1570,2
1571,0
1572,2
1573,0
1574,0
1575,0
1576,2
1577,0
1578,2
1579,2
1580,2
1581,2
1582,2
1583,1
1584,2
1585,1
1586,1
1587,0
1588,2
1589,0
1590,1
1591,1
1592,1
1593,2
1594,0
1595,1
1596,1
1597,1
1598,0
1599,1
1600,2
1601,0
1602,2
1603,1
1604,1
1605,2
1606,0
1607,0
1608,2
1609,0
1610,1
1611,1
1612,1
1613,1
1614,0
1615,1
1616,2
1617,0
1618,0
1619,1
1620,1
1621,0
1622,0
1623,0
1624,1
1625,1
1626,2
1627,2
1628,1
1629,0
1630,2
1631,2
1632,0
1633,1
1634,0
1635,0
1636,0
1637,2
1638,0
1639,1
1640,0
1641,2
1642,1
1643,0
1644,1
1645,1
1646,2
1647,2
1648,2
1649,0
1650,0
1651,0
1652,2
1653,1
1654,1
1655,1
1656,0
1657,0
1658,0
1659,1
1660,1
1661,0
1662,1
1663,0
1664,0
1665,1
1666,0
1667,1
1668,0
1669,1
1670,2
1671,0
1672,2
1673,2
1674,2
1675,0
1676,0
1677,0
1678,1
1679,2
1680,0
1681,1
1682,1
1683,0
1684,2
1685,0
1686,0
1687,0
1688,0
1689,0
1690,1
1691,1
1692,0
1693,1
1694,2
1695,0
1696,0
1697,2
1698,1
1699,1
1700,1
1701,2
1702,2
1703,2
1704,1
1705,1
1706,0
1707,1
1708,0
1709,0
1710,2
1711,2
1712,1
1713,1
1714,1
1715,0
1716,1
1717,1
1718,1
1719,1
1720,2
1721,0
1722,1
1723,1
1724,2
1725,0
1726,1
1727,1
1728,2
1729,2
1730,1
1731,1
1732,1
1733,0
1734,0
1735,0
1736,1
1737,2
1738,2
1739,2
1740,0
1741,2
1742,0
1743,2
1744,0
1745,2
1746,0
1747,1
1748,0
1749,0
1750,0
1751,1
1752,2
1753,1
1754,2
1755,1
1756,0
1757,0
1758,2
1759,0
1760,0
1761,1
1762,0
1763,2
1764,1
1765,2
1766,0
1767,1
1768,2
1769,2
1770,1
1771,1
1772,0
1773,2
1774,1
1775,2
1776,0
1777,2
1778,0
1779,2
1780,1
1781,2
1782,2
1783,1
1784,2
1785,2
1786,1
1787,0
1788,2
1789,1
1790,0
1791,0
1792,0
1793,2
1794,0
1795,2
1796,2
1797,2
1798,0
1799,2
1800,1
1801,0
1802,1
1803,0
1804,2
1805,0
1806,0
1807,1
1808,2
1809,0
1810,1
1811,0
1812,2
1813,2
1814,2
1815,2
1816,1
1817,1
1818,0
1819,1
1820,2
1821,1
1822,0
1823,2
1824,2
1825,0
1826,0
1827,1
1828,1
1829,2
1830,1
1831,2
1832,2
1833,2
1834,2
1835,2
1836,2
1837,0
1838,0
1839,2
1840,0
1841,0
1842,2
1843,0
1844,1
1845,2
1846,1
1847,2
1848,1
1849,0
1850,0
1851,0
1852,0
1853,0
1854,2
1855,0
1856,2
1857,0
1858,0
1859,1
1860,1
1861,2
1862,1
1863,0
1864,0
1865,1
1866,1
1867,1
1868,2
1869,1
1870,0
1871,2
1872,2
1873,1
1874,1
1875,0
1876,1
1877,0
1878,1
1879,1
1880,0
1881,2
1882,0
1883,0
1884,1
1885,1
1886,2
1887,0
1888,2
1889,2
1890,0
1891,1
1892,2
1893,1
1894,1
1895,2
1896,0
1897,2
1898,2
1899,2
1900,2
1901,2
1902,2
1903,0
1904,2
1905,2
1906,0
1907,1
1908,0
1909,2
1910,2
1911,1
1912,1
1913,1
1914,0
1915,2
1916,0
1917,1
1918,0
1919,1
1920,2
1921,2
1922,1
1923,0
1924,2
1925,2
1926,1
1927,0
1928,1
1929,0
1930,1
1931,0
1932,2
1933,1
1934,0
1935,1
1936,2
1937,0
1938,0
1939,0
1940,1
1941,1
1942,1
1943,0
1944,0
1945,2
1946,1
1947,1
1948,1
1949,2
1950,0
1951,0
1952,0
1953,1
1954,1
1955,2
1956,2
1957,2
1958,2
1959,1
1960,1
1961,1
1962,0
1963,1
1964,2
1965,2
1966,0
1967,0
1968,0
1969,2
1970,2
1971,0
1972,0
1973,1
1974,1
1975,0
1976,2
1977,0
1978,1
1979,1
1980,1
1981,1
1982,2
1983,0
1984,0
1985,2
1986,1
1987,1
1988,0
1989,0
1990,0
1991,2
1992,2
1993,1
1994,2
1995,2
1996,1
1997,2
1998,1
1999,2
2000,0
2001,2
2002,0
2003,0
2004,0
2005,0
2006,2
2007,1
2008,1
2009,0
2010,1
2011,2
2012,1
2013,1
2014,0
2015,1
2016,1
2017,2
2018,0
2019,0
2020,0
2021,0
2022,0
2023,1
2024,0
2025,1
2026,2
2027,2
2028,0
2029,2
2030,2
2031,1
2032,2
2033,1
2034,0
2035,1
2036,1
2037,1
2038,0
2039,1
2040,0
2041,0
2042,1
2043,1
2044,1
2045,1
2046,1
2047,2
2048,2
2049,2
2050,0
2051,0
2052,0
2053,2
2054,1
2055,1
2056,2
2057,0
2058,0
2059,1
2060,0
2061,1
2062,0
2063,0
2064,2
2065,2
2066,0
2067,1
2068,0
2069,2
2070,0
2071,2
2072,2
2073,1
2074,1
2075,2
2076,2
2077,2
2078,2
2079,1
2080,2
2081,0
2082,2
2083,1
2084,1
2085,0
2086,0
2087,0
2088,0
2089,1
2090,1
2091,1
2092,1
2093,0
2094,2
2095,2
2096,1
2097,1
2098,1
2099,1
2100,1
2101,1
2102,2
2103,1
2104,0
2105,0
2106,0
2107,0
2108,1
2109,0
2110,1
2111,1
2112,2
2113,0
2114,0
2115,2
2116,0
2117,0
2118,2
2119,0
2120,1
2121,1
2122,0
2123,0
2124,0
2125,2
2126,1
2127,0
2128,2
2129,1
2130,2
2131,1
2132,2
2133,1
2134,1
2135,0
2136,0
2137,0
2138,0
2139,1
2140,2
2141,2
2142,2
2143,1
2144,2
2145,1
2146,1
2147,0
2148,2
2149,0
2150,0
2151,2
2152,1
2153,0
2154,2
2155,1
2156,1
2157,1
2158,0
2159,1
2160,1
2161,0
2162,2
2163,0
2164,0
2165,2
2166,2
2167,2
2168,2
2169,0
2170,1
2171,0
2172,1
2173,2
2174,0
2175,1
2176,1
2177,0
2178,1
2179,0
2180,2
2181,1
2182,0
2183,1
2184,0
2185,2
2186,2
2187,2
2188,0
2189,1
2190,1
2191,1
2192,1
2193,0
2194,1
2195,0
2196,0
2197,1
2198,0
2199,1
2200,2
2201,0
2202,0
2203,2
2204,2
2205,1
2206,1
2207,2
2208,1
2209,2
2210,2
2211,2
2212,2
2213,0
2214,1
2215,0
2216,1
2217,0
2218,1
2219,2
2220,0
2221,0
2222,0
2223,0
2224,2
2225,2
2226,1
2227,1
2228,2
2229,2
2230,2
2231,2
2232,1
2233,1
2234,1
2235,1
2236,0
2237,2
2238,1
2239,1
2240,1
2241,1
2242,1
2243,1
2244,0
2245,0
2246,2
2247,1
2248,1
2249,2
2250,2
2251,0
2252,0
2253,1
2254,2
2255,2
2256,0
2257,2
2258,0
2259,1
2260,2
2261,0
2262,1
2263,2
2264,2
2265,2
2266,0
2267,0
2268,1
2269,0
2270,0
2271,1
2272,1
2273,0
2274,2
2275,0
2276,1
2277,2
2278,1
2279,1
2280,0
2281,0
2282,2
2283,1
2284,1
2285,2
2286,1
2287,2
2288,2
2289,2
2290,2
2291,0
2292,2
2293,1
2294,2
2295,0
2296,1
2297,1
2298,0
2299,1
2300,0
2301,1
2302,2
2303,1
2304,2
2305,2
2306,2
2307,0
2308,0
2309,0
2310,1
2311,0
2312,0
2313,2
2314,2
2315,1
2316,2
2317,1
2318,0
2319,2
2320,2
2321,1
2322,0
2323,1
2324,2
2325,1
2326,1
2327,1
2328,0
2329,1
2330,1
2331,0
2332,1
2333,1
2334,0
2335,1
2336,0
2337,2
2338,1
2339,0
2340,0
2341,2
2342,1
2343,2
2344,2
2345,2
2346,0
2347,2
2348,1
2349,0
2350,0
2351,0
2352,0
2353,2
2354,2
2355,1
2356,1
2357,0
2358,2
2359,2
2360,2
2361,1
2362,1
2363,0
2364,0
2365,0
2366,2
2367,0
2368,2
2369,2
2370,1
2371,2
2372,1
2373,1
2374,1
2375,0
2376,2
2377,2
2378,2
2379,1
2380,2
2381,0
2382,2
2383,0
2384,2
2385,0
2386,1
2387,0
2388,1
2389,0
2390,1
2391,2
2392,0
2393,0
2394,2
2395,0
2396,0
2397,1
2398,0
2399,0
2400,2
2401,1
2402,0
2403,0
2404,2
2405,0
2406,2
2407,0
2408,2
2409,1
2410,2
2411,2
2412,2
2413,0
2414,1
2415,0
2416,0
2417,0
2418,2
2419,2
2420,2
2421,2
2422,1
2423,1
2424,2
2425,2
2426,0
2427,0
2428,2
2429,1
2430,0
2431,0
2432,2
2433,1
2434,2
2435,1
2436,1
2437,1
2438,1
2439,0
2440,2
2441,1
2442,1
2443,0
2444,0
2445,1
2446,1
2447,0
2448,2
2449,0
2450,2
2451,0
2452,2
2453,0
2454,0
2455,2
2456,1
2457,2
2458,1
2459,0
2460,2
2461,0
2462,2
2463,0
2464,1
2465,2
2466,2
2467,0
2468,2
2469,0
2470,2
2471,2
2472,0
2473,0
2474,1
2475,0
2476,1
2477,1
2478,2
2479,1
2480,2
2481,1
2482,1
2483,1
2484,2
2485,1
2486,2
2487,1
2488,0
2489,2
2490,2
2491,2
2492,2
2493,1
2494,0
2495,0
2496,0
2497,1
2498,0
2499,2
2500,0
2501,2
2502,0
2503,1
2504,0
2505,0
2506,2
2507,1
2508,0
2509,1
2510,1
2511,0
2512,1
2513,2
2514,2
2515,0
2516,2
2517,1
2518,1
2519,2
2520,2
2521,2
2522,1
2523,0
2524,1
2525,0
2526,0
2527,2
2528,0
2529,0
2530,0
2531,0
2532,0
2533,0
2534,0
2535,2
2536,2
2537,0
2538,0
2539,0
2540,0
2541,2
2542,2
2543,1
2544,0
2545,2
2546,1
2547,2
2548,0
2549,1
2550,2
2551,1
2552,2
2553,0
2554,1
2555,2
2556,2
2557,0
2558,2
2559,2
2560,0
2561,2
2562,2
2563,1
2564,1
2565,1
2566,1
2567,2
2568,2
2569,1
2570,1
2571,0
2572,0
2573,0
2574,1
2575,1
2576,2
2577,0
2578,0
2579,1
2580,2
2581,0
2582,0
2583,0
2584,0
2585,2
2586,2
2587,0
2588,1
2589,0
2590,0
2591,0
2592,1
2593,1
2594,2
2595,2
2596,2
2597,1
2598,2
2599,1
2600,0
2601,1
2602,2
2603,2
2604,1
2605,2
2606,0
2607,2
2608,1
2609,0
2610,1
2611,2
2612,1
2613,0
2614,1
2615,2
2616,2
2617,0
2618,0
2619,2
2620,2
2621,0
2622,2
2623,2
2624,2
2625,0
2626,1
2627,0
2628,2
2629,2
2630,0
2631,1
2632,1
2633,2
2634,2
2635,2
2636,0
2637,2
2638,2
2639,0
2640,2
2641,1
2642,2
2643,1
2644,1
2645,0
2646,0
2647,0
2648,1
2649,1
2650,2
2651,2
2652,2
2653,1
2654,1
2655,1
2656,0
2657,1
2658,1
2659,0
2660,2
2661,2
2662,2
2663,0
2664,2
2665,2
2666,1
2667,2
2668,2
2669,2
2670,1
2671,0
2672,2
2673,0
2674,2
2675,2
2676,1
2677,0
2678,0
2679,0
2680,2
2681,2
2682,0
2683,2
2684,2
2685,2
2686,1
2687,2
2688,0
2689,1
2690,0
2691,2
2692,0
2693,2
2694,0
2695,1
2696,0
2697,1
2698,0
2699,2
2700,2
2701,1
2702,1
2703,2
2704,1
2705,0
2706,2
2707,2
2708,2
2709,0
2710,2
2711,2
2712,2
2713,0
2714,1
2715,1
2716,1
2717,2
2718,2
2719,1
2720,2
2721,1
2722,0
2723,0
2724,2
2725,2
2726,0
2727,2
2728,1
2729,1
2730,1
2731,0
2732,1
2733,1
2734,0
2735,2
2736,2
2737,1
2738,2
2739,1
2740,0
2741,0
2742,2
2743,1
2744,1
2745,2
2746,1
2747,2
2748,2
2749,2
2750,0
2751,1
2752,2
2753,0
2754,2
2755,0
2756,2
2757,0
2758,0
2759,0
2760,0
2761,1
2762,0
2763,2
2764,0
2765,2
2766,2
2767,0
2768,1
2769,0
2770,2
2771,0
2772,1
2773,2
2774,1
2775,0
2776,0
2777,1
2778,0
2779,0
2780,1
2781,2
2782,2
2783,0
2784,0
2785,2
2786,2
2787,1
2788,0
2789,2
2790,0
2791,2
2792,2
2793,1
2794,2
2795,2
2796,0
2797,2
2798,1
2799,1
2800,2
2801,0
2802,0
2803,1
2804,2
2805,0
2806,1
2807,0
2808,1
2809,2
2810,1
2811,2
2812,0
2813,1
2814,2
2815,0
2816,0
2817,1
2818,2
2819,0
2820,1
2821,1
2822,1
2823,2
2824,0
2825,0
2826,2
2827,2
2828,1
2829,1
2830,2
2831,0
2832,1
2833,0
2834,0
2835,0
2836,0
2837,1
2838,0
2839,0
2840,1
2841,0
2842,1
2843,0
2844,1
2845,0
2846,2
2847,1
2848,0
2849,2
2850,0
2851,1
2852,2
2853,2
2854,2
2855,1
2856,2
2857,1
2858,0
2859,0
2860,0
2861,1
2862,1
2863,1
2864,1
2865,1
2866,0
2867,2
2868,1
2869,0
2870,2
2871,0
2872,1
2873,1
2874,1
2875,1
2876,1
2877,0
2878,2
2879,0
2880,0
2881,0
2882,2
2883,2
2884,0
2885,1
2886,1
2887,0
2888,2
2889,0
2890,2
2891,1
2892,2
2893,1
2894,1
2895,2
2896,2
2897,0
2898,2
2899,2
2900,2
2901,2
2902,1
2903,0
2904,1
2905,0
2906,0
2907,1
2908,1
2909,1
2910,0
2911,2
2912,1
2913,0
2914,2
2915,0
2916,2
2917,2
2918,2
2919,2
2920,1
2921,0
2922,2
2923,2
2924,0
2925,0
2926,2
2927,2
2928,2
2929,2
2930,1
2931,1
2932,0
2933,1
2934,1
2935,2
2936,1
2937,2
2938,1
2939,0
2940,2
2941,0
2942,0
2943,2
2944,1
2945,0
2946,1
2947,1
2948,0
2949,1
2950,2
2951,0
2952,1
2953,2
2954,2
2955,0
2956,2
2957,1
2958,1
2959,0
2960,0
2961,0
2962,1
2963,2
2964,0
2965,2
2966,2
2967,1
2968,2
2969,1
2970,0
2971,2
2972,2
2973,0
2974,0
2975,0
2976,0
2977,1
2978,1
2979,2
2980,1
2981,0
2982,1
2983,0
2984,1
2985,0
2986,0
2987,2
2988,0
2989,2
2990,1
2991,1
2992,2
2993,0
2994,0
2995,2
2996,1
2997,0
2998,1
2999,0
3000,1
3001,2
3002,2
3003,2
3004,2
3005,2
3006,2
3007,2
3008,2
3009,2
3010,2
3011,2
3012,2
3013,2
3014,2
3015,2
3016,2
3017,2
3018,2
3019,2
3020,2
3021,2
3022,2
3023,2
3024,2
3025,2
3026,2
3027,2
3028,2
3029,2
3030,2
3031,2
3032,2
3033,2
3034,2
3035,2
3036,2
3037,2
3038,2
3039,2
3040,2
3041,2
3042,2
3043,2
3044,2
3045,2
3046,2
3047,2
3048,2
3049,2
3050,2
3051,2
3052,2
3053,2
3054,2
3055,2
3056,2
3057,2
3058,2
3059,2
3060,2
3061,2
3062,2
3063,2
3064,2
3065,2
3066,2
3068,2
3069,2
3070,2
3071,2
3072,2
3073,2
3074,2
3075,2
3076,2
3077,2
3078,2
3079,2
3080,2
3081,2
3082,2
3083,2
3084,2
3085,2
3086,2
3087,2
3088,2
3089,2
3090,2
3091,2
3092,2
3093,2
3094,2
3095,2
3096,2
3097,2
3098,2
3099,2
3100,2
3101,2
3102,2
3104,2
3105,2
3106,2
3107,2
3108,2
3109,2
3110,2
3111,2
3112,2
3113,2
3114,2
3115,2
3116,2
3117,2
3118,2
3119,2
3120,2
3121,2
3122,2
3123,2
3124,2
3125,2
3126,2
3127,2
3128,2
3129,2
3130,2
3131,2
3132,2
3133,2
3134,2
3135,2
3136,2
3137,2
3138,2
3139,2
3140,2
3141,2
3142,2
3143,2
3144,2
3145,2
3146,2
3147,2
3148,2
3149,2
3150,2
3151,2
3152,2
3153,2
3154,2
3155,2
3156,2
3157,2
3158,2
3159,2
3160,2
3161,2
3162,2
3163,2
3164,2
3165,2
3166,2
3167,2
3168,2
3169,2
3170,2
3171,2
3172,2
3173,2
3174,2
3175,2
3176,2
3177,2
3178,2
3179,2
3180,2
3181,2
3182,2
3183,2
3184,2
3185,2
3186,2
3187,2
3188,2
3189,2
3190,2
3191,2
3192,2
3193,2
3194,2
3195,2
3196,2
3197,2
3199,2
3200,2
3201,2
3202,2
3203,2
3204,2
3205,2
3206,2
3207,2
3208,2
3209,2
3210,2
3211,2
3212,2
3213,2
3214,2
3215,2
3216,2
3217,2
3218,2
3219,2
3220,2
3222,2
3223,2
3224,2
3225,2
3226,2
3227,2
3228,2
3229,2
3230,2
3231,2
3232,2
3233,2
3234,2
3235,2
3236,2
3237,2
3238,2
3239,2
3240,2
3241,2
3242,2
3243,2
3244,2
3245,2
3247,2
3248,2
3249,2
3250,2
3251,2
3252,2
3253,2
3254,2
3255,2
3256,2
3257,2
3258,2
3259,2
3260,2
3261,2
3262,2
3263,2
3264,2
3265,2
3266,2
3267,2
3268,2
3269,2
3270,2
3271,2
3272,2
3274,2
3275,2
3276,2
3277,2
3278,2
3279,2
3280,2
3281,2
3282,2
3283,2
3284,2
3285,2
3286,2
3287,2
3288,2
3289,2
3290,2
3291,2
3292,2
3293,2
3294,2
3295,2
3296,2
3297,2
3298,2
3299,2
3300,2
3301,2
3302,2
3303,2
3304,2
3305,2
3306,2
3307,2
3308,2
3309,2
3310,2
3311,2
3312,2
3313,2
3314,2
3315,2
3316,2
3317,2
3318,2
3319,2
3320,2
3321,2
3322,2
3323,2
3324,2
3325,2
3326,2
3327,2
3328,2
3329,0
3330,0
3331,0
3332,0
3333,0
3334,0
3335,0
3336,0
3337,0
3338,0
3339,0
3340,0
3341,0
3342,0
3343,0
3344,0
3345,0
3346,0
3347,0
3348,0
3349,0
3350,0
3351,0
3352,0
3353,0
3354,0
3355,0
3356,0
3357,0
3358,0
3359,0
3360,0
3361,0
3362,0
3363,0
3364,0
3365,0
3366,0
3367,0
3368,0
3369,0
3370,0
3371,0
3372,0
3373,0
3374,0
3375,0
3377,0
3378,0
3379,0
3380,0
3381,0
3382,0
3383,0
3384,0
3385,0
3386,0
3387,0
3388,0
3389,0
3390,0
3391,0
3392,0
3393,0
3394,0
3395,0
3396,0
3397,0
3398,0
3399,0
3400,0
3401,0
3402,0
3403,0
3404,0
3405,0
3407,0
3408,0
3409,0
3410,0
3411,0
3412,0
3413,0
3414,0
3415,0
3416,0
3417,0
3418,0
3420,0
3421,0
3422,0
3423,0
3424,0
3425,0
3426,0
3427,0
3428,0
3429,0
3430,0
3431,0
3432,0
3433,0
3434,0
3435,0
3436,0
3437,0
3438,0
3439,0
3440,0
3441,0
3442,0
3443,0
3444,0
3445,0
3446,0
3447,0
3448,0
3449,0
3450,0
3451,0
3452,0
3453,0
3454,0
3455,0
3456,0
3457,0
3458,0
3459,0
3460,0
3461,0
3462,0
3463,0
3464,0
3465,0
3466,0
3467,0
3468,0
3469,0
3470,0
3471,0
3472,0
3473,0
3474,0
3475,0
3476,0
3477,0
3478,0
3479,0
3480,0
3481,0
3482,0
3483,0
3484,0
3485,0
3486,0
3487,0
3488,0
3489,0
3490,0
3491,0
3492,0
3493,0
3494,0
3495,0
3496,0
3497,0
3498,0
3499,0
3500,0
3501,0
3502,0
3503,0
3504,0
3505,0
3506,0
3507,0
3508,0
3509,0
3510,0
3511,0
3512,0
3513,0
3514,0
3515,0
3516,0
3517,0
3518,0
3519,0
3521,0
3522,0
3523,0
3524,0
3525,0
3527,0
3528,0
3529,0
3530,0
3531,0
3532,0
3533,0
3534,0
3535,0
3536,0
3537,0
3538,0
3539,0
3540,0
3541,0
3542,0
3543,0
3544,0
3545,0
3546,0
3547,0
3548,0
3549,0
3550,0
3551,0
3552,0
3553,0
3554,0
3555,0
3556,0
3557,0
3558,0
3559,0
3560,0
3561,0
3562,0
3563,0
3564,0
3565,0
3566,0
3567,0
3568,0
3570,0
3571,0
3572,0
3573,0
3574,0
3575,0
3576,0
3577,0
3578,0
3579,0
3580,0
3581,0
3582,0
3583,0
3584,0
3585,0
3586,0
3587,0
3588,0
3589,0
3590,0
3591,0
3592,0
3593,0
3594,0
3595,0
3598,0
3599,0
3600,0
3601,0
3602,0
3603,0
3604,0
3605,0
3606,0
3607,0
3608,0
3609,0
3610,0
3611,0
3612,0
3613,0
3614,0
3616,0
3617,0
3618,0
3619,0
3620,0
3621,0
3622,0
3623,0
3624,0
3625,0
3626,0
3627,0
3628,0
3629,0
3630,0
3631,0
3632,0
3633,0
3634,0
3635,0
3636,0
3637,0
3638,0
3639,0
3640,0
3641,0
3643,0
3644,0
3645,0
3646,0
3647,0
3648,0
3649,0
3650,0
3651,0
3652,0
3653,0
3654,0
3655,0
3656,0
3657,0
3658,0
3659,0
3660,0
3662,0
3663,0
3664,0
3665,0
3666,0
3667,0
3668,0
3669,0
3670,0
3671,0
3672,0
3673,0
3674,0
3675,0
3677,0
3678,0
3679,0
3680,0
3681,0
3682,0
3684,0
3685,0
3686,0
3687,0
3688,0
3689,0
3690,0
3691,0
3693,0
3694,0
3695,0
3696,0
3697,0
3698,0
3699,0
3700,0
3701,0
3702,0
3703,0
3704,0
3705,0
3706,0
3707,0
3708,0
3709,0
3710,0
3711,0
3713,0
3714,0
3715,0
3716,0
3717,0
3718,0
3719,0
3720,0
3721,0
3722,0
3723,0
3724,0
3725,0
3726,0
3727,0
3728,0
3729,0
3731,0
3732,0
3733,0
3734,0
3735,0
3736,0
3737,0
3738,0
3739,0
3740,0
3741,0
3742,0
3743,0
3744,0
3745,0
3746,0
3747,0
3748,0
3749,0
3750,0
3751,0
3752,0
3753,0
3754,0
3755,0
3756,0
3757,0
3758,0
3759,0
3760,0
3761,0
3762,0
3763,0
3764,0
3765,0
3766,0
3767,0
3768,0
3769,0
3770,0
3771,0
3772,0
3773,0
3774,0
3775,0
3776,0
3777,0
3778,0
3779,0
3780,0
3781,0
3782,0
3783,0
3784,0
3785,0
3786,0
3787,0
3788,0
3789,0
3790,0
3791,0
3792,0
3793,0
3794,0
3795,0
3796,0
3797,0
3798,0
3799,0
3800,0
3801,0
3802,0
3803,0
3804,0
3805,0
3806,0
3807,0
3808,0
3809,0
3810,0
3811,0
3812,0
3813,0
3814,0
3815,0
3816,0
3817,0
3818,0
3819,0
3820,0
3821,0
3822,0
3823,0
3824,0
3825,0
3826,0
3827,0
3828,0
3829,1
3830,1
3831,1
3832,1
3833,1
3834,1
3835,1
3836,1
3837,1
3838,1
3839,1
3840,1
3841,1
3842,1
3843,1
3844,1
3845,1
3846,1
3847,1
3848,1
3849,1
3850,1
3851,1
3852,1
3853,1
3854,1
3855,1
3856,1
3857,1
3858,1
3859,1
3860,1
3861,1
3862,1
3863,1
3864,1
3865,1
3866,1
3867,1
3868,1
3869,1
3870,1
3871,1
3872,1
3873,1
3874,1
3875,1
3876,1
3877,1
3878,1
3879,1
3880,1
3881,1
3882,1
3883,1
3884,1
3885,1
3886,1
3887,1
3888,1
3889,1
3890,1
3891,1
3892,1
3893,1
3894,1
3895,1
3896,1
3897,1
3898,1
3899,1
3900,1
3901,1
3902,1
3903,1
3904,1
3905,1
3906,1
3907,1
3908,1
3909,1
3911,1
3912,1
3913,1
3914,1
3915,1
3916,1
3917,1
3918,1
3919,1
3920,1
3921,1
3922,1
3923,1
3924,1
3925,1
3926,1
3927,1
3928,1
3929,1
3930,1
3931,1
3932,1
3933,1
3934,1
3935,1
3936,1
3937,1
3938,1
3939,1
3940,1
3941,1
3942,1
3943,1
3944,1
3945,1
3946,1
3947,1
3948,1
3949,1
3950,1
3951,1
3952,1
3953,1
3954,1
3955,1
3956,1
3957,1
3958,1
3959,1
3960,1
3961,1
3962,1
3963,1
3964,1
3965,1
3966,1
3967,1
3968,1
3969,1
3970,1
3971,1
3972,1
3973,1
3974,1
3975,1
3976,1
3977,1
3978,1
3979,1
3980,1
3981,1
3982,1
3983,1
3984,1
3985,1
3986,1
3987,1
3988,1
3989,1
3990,1
3992,1
3993,1
3994,1
3995,1
3996,1
3997,1
3998,1
3999,1
4000,1
4001,1
4002,1
4003,1
4004,1
4005,1
4006,1
4007,1
4008,1
4010,1
4011,1
4012,1
4013,1
4014,1
4015,1
4016,1
4017,1
4018,1
4019,1
4020,1
4021,1
4022,1
4023,1
4024,1
4025,1
4026,1
4027,1
4028,1
4029,1
4030,1
4031,1
4032,1
4033,1
4034,1
4035,1
4036,1
4037,1
4038,1
4039,1
4040,1
4041,1
4042,1
4043,1
4044,1
4045,1
4046,1
4047,1
4048,1
4049,1
4050,1
4051,1
4052,1
4053,1
4054,1
4055,1
4056,1
4057,1
4058,1
4059,1
4060,1
4061,1
4062,1
4063,1
4064,1
4065,1
4066,1
4067,1
4068,1
4069,1
4070,1
4071,1
4072,1
4073,1
4074,1
4075,1
4076,1
4077,1
4078,1
4079,1
4080,1
4081,1
4082,1
4083,1
4084,1
4085,1
4086,1
4087,1
4088,1
4089,1
4090,1
4091,1
4092,1
4093,1
4094,1
4095,1
4096,1
4097,1
4098,1
4099,1
4100,1
4101,1
4102,1
4103,1
4104,1
4105,1
4106,1
4107,1
4108,1
4109,1
4110,1
4111,1
4112,1
4113,1
4114,1
4115,1
4116,1
4117,1
4118,1
4119,1
4120,1
4121,1
4123,1
4124,1
4125,1
4126,1
4127,1
4128,1
4129,1
4130,1
4131,1
4132,1
4133,1
4134,1
4135,1
4136,1
4137,1
4138,1
4139,1
4140,1
4141,1
4142,1
4143,1
4144,1
4145,1
4146,1
4147,1
4148,1
4149,1
4150,1
4151,1
4152,1
4153,1
4154,1
4155,1
4156,1
4157,1
4158,1
4159,1
4160,1
4161,1
4162,1
4163,1
4164,1
4165,1
4166,1
4167,1
4168,1
4169,1
4170,1
4171,1
4172,1
4173,1
4174,1
4175,1
4176,1
4177,1
4178,1
4179,1
4180,1
4181,1
4182,1
4183,1
4184,1
4185,1
4186,1
4187,1
4188,1
4190,1
4191,1
4192,1
4193,1
4194,1
4195,1
4196,1
4197,1
4198,1
4199,1
4200,1
4202,1
4203,1
4204,1
4205,1
4206,1
4207,1
4208,1
4209,1
4210,1
4211,1
4212,1
4213,1
4214,1
4215,1
4216,1
4217,1
4218,1
4219,1
4220,1
4221,1
4222,1
4223,1
4224,1
4225,1
4226,1
4227,1
4228,1
4229,1
4230,1
4231,1
4232,1
4233,1
4234,1
4235,1
4236,1
4237,1
4238,1
4239,1
4240,1
4241,1
4242,1
4243,1
4244,1
4245,1
4246,1
4247,1
4248,1
4249,1
4250,1
4251,1
4252,1
4253,1
4254,1
4255,1
4256,1
4257,1
4258,1
4259,1
4260,1
4261,1
4262,1
4263,1
4264,1
4265,1
4266,1
4267,1
4268,1
4269,1
4270,1
4271,1
4272,1
4273,1
4274,1
4275,1
4276,1
4277,1
4278,1
4279,1
4280,1
4281,1
4282,1
4283,1
4284,1
4285,1
4286,1
4287,1
4288,1
4289,1
4290,1
4291,1
4292,1
4293,1
4294,1
4295,1
4296,1
4297,1
4298,1
4299,1
4300,1
4301,1
4302,1
4303,1
4304,1
4305,1
4306,1
4307,1
4308,1
4309,1
4310,1
4311,1
4312,1
4313,1
4314,1
4315,1
4316,1
4317,1
4318,1
4320,1
4321,1
4322,1
4323,1
4324,1
4325,1
4326,1
4327,1